,timbre_median_1,timbre_median_2,timbre_median_3,timbre_median_4,timbre_median_5,timbre_median_6,timbre_median_7,timbre_median_8,timbre_median_9,timbre_median_10,timbre_median_11,timbre_median_12
0,52.4405,1.3615,0.277,4.7005,33.061,-12.089500000000001,-16.314999999999998,-4.6114999999999995,-12.6935,-0.9524999999999999,-12.2795,-2.479
1,47.464,15.815,-24.464,0.675,21.53,-38.268,-8.125,0.812,-3.069,6.07,-12.844,-2.442
2,51.3765,46.301,1.8885,-7.145,42.64,-22.2,-9.456,-4.212,-9.004000000000001,-3.425,-13.277000000000001,1.944
3,52.177,94.228,12.679,8.635,26.614,-25.774,28.398,7.844,-10.561,-0.352,-8.949,1.104
4,48.181,12.555,-14.682500000000001,-5.797000000000001,16.021,-9.698,-12.153500000000001,1.6465,-6.1125,-5.3415,-9.2875,-5.8825
5,51.737,12.984,7.684,-3.234,34.968,-33.913,4.625,-2.006,-11.316,2.44,-8.866,-9.225
6,52.891,58.999,16.64,9.474,38.581,-16.066,-1.367,4.559,-12.687,6.835,-14.751,-2.123
7,45.319,-30.298,1.992,-12.07,49.578,-9.35,-10.924,6.003,-16.071,-2.49,-14.573,-8.01
8,51.835499999999996,49.253,17.7345,-7.7585,15.300999999999998,-21.659,-2.7035,-0.87,0.991,-1.4135,-9.899000000000001,2.333
9,50.301,29.12,6.217,-5.309,17.367,-25.516,5.912,-0.11,-14.578,-0.899,-9.961,4.64
10,49.187,9.736,-18.472,-7.94,5.821,-14.062999999999999,1.573,-1.6324999999999998,0.405,5.7204999999999995,-17.216,0.39349999999999996
11,51.096,6.875,7.427,-5.361,16.932,-30.952,20.363,5.774,-16.833,-1.289,-7.98,-3.936
12,47.233,-31.44,-14.628,6.566,41.489,-27.416,-3.145,0.13,-10.089,6.361,-7.44,-3.112
13,50.436,34.086,10.819,0.014,37.849,-33.278,12.504,0.382,-13.404,1.037,-10.386,-6.596
14,51.971000000000004,75.4125,2.6864999999999997,-11.1395,16.0475,-27.85,-14.9795,5.359500000000001,-7.025,-0.6875,-3.4135,7.979
15,43.289,-24.816,-46.261,-25.336,8.617,-23.692,-6.324,-5.653,-12.494,-6.005,-7.775,-0.409
16,48.756,-4.802,-14.617,-9.556,7.736,-23.707,15.708,-1.441,-5.62,1.501,-14.371,0.967
17,49.878,44.765,-39.259,-3.84,27.294,-18.776,-5.331,-5.033,0.976,3.084,-16.54,1.661
18,48.487,79.309,2.389,12.288,11.84,-21.368,6.824,6.583,-8.76,2.617,-13.783,3.261
19,49.796,8.434,-20.205,6.043,18.81,-26.09,5.86,6.715,-8.586,1.481,-11.093,-0.543
20,48.729,24.854,-1.351,-9.16,35.882,-17.348,-1.813,-2.322,-7.718,-2.789,-13.879,-2.428
21,52.275999999999996,58.756,11.408,7.9445,37.1225,-17.5935,0.6325000000000001,4.0920000000000005,-11.3405,3.7649999999999997,-13.978000000000002,0.8205
22,49.687,58.036,0.788,-3.654,-9.899,-12.06,-3.839,3.232,-9.732,1.716,-11.961,-5.628
23,53.0835,50.1155,21.67,-5.9105,28.5125,-30.706000000000003,15.995999999999999,4.3665,-0.6645000000000001,4.452999999999999,-10.739,2.1734999999999998
24,54.604,34.126,6.299,12.103,39.456,-40.3,-1.16,-0.818,-11.706,0.585,-8.341,4.69
25,50.6555,4.4775,17.3185,-12.103000000000002,21.1515,-22.541,10.767,6.737500000000001,-12.2445,-5.643,-8.823,-6.7595
26,51.361,23.727,-11.347,-11.452,24.977,-28.629,5.199,2.374,-4.08,3.534,-11.833,-3.826
27,49.424,-17.749,9.335,-12.593,33.401,-23.029,0.993,1.416,-22.235,-8.07,-9.938,-4.534
28,49.831,17.94,6.116,7.914,48.9165,-28.802999999999997,1.0695000000000001,4.5815,-15.047,-0.3775,-13.7605,-10.521
29,51.912,-9.728,6.08,-23.985,20.587,-14.082,-0.751,-0.497,-4.325,-11.549,-11.909,-2.072
30,50.119,29.451,-6.665,-15.285,29.16,-31.472,4.993,1.655,-5.657,0.587,-11.333,-4.603
31,50.5195,29.9965,-7.429,-4.0805,26.1695,-19.271,5.879,1.1615,-11.0565,-2.6475,-10.701,-14.526
32,51.753,60.98,10.069,-1.214,10.786,-25.678,-4.698,-4.579,-19.586,2.163,-11.242,-5.76
33,47.7325,59.572500000000005,-56.5505,1.8815,16.625,-8.1285,11.293,9.91,-4.1175,4.414,-31.116500000000002,-1.576
34,51.805,54.187,-30.215,-17.986,15.112,-18.779,-9.705,-3.722,-5.382,2.594,-13.22,-1.854
35,48.179,-43.069,-19.565,-18.513,25.686,-28.081,10.725,2.245,-5.994,-5.257,-7.347,1.315
36,47.925,5.165,0.527,0.656,32.313,-19.073,3.44,-0.783,-8.315,-6.795,-11.087,-4.22
37,50.998,24.029,-0.789,-1.881,13.928,-26.263,2.347,-5.323,-7.318,-6.647,-9.24,-0.294
38,53.988,92.422,21.7195,8.8275,23.506999999999998,-22.054499999999997,-3.3200000000000003,0.745,-7.997,-0.73,-11.893,-3.2375
39,51.185,23.334,-0.795,-5.032,36.287,-24.253,4.03,0.065,-4.492,0.104,-11.299,1.593
40,45.4045,37.9,-3.3775,-5.3665,21.4955,-27.953,1.1155,-4.915,-7.968999999999999,-0.575,-10.2805,0.9345000000000001
41,48.392,18.608,-17.412,-20.148,12.004,-24.622,-9.811,-3.17,-3.939,-0.438,-7.667,3.897
42,46.78,28.821,-35.431,15.188,16.353,-29.922,-5.367,5.856,-21.382,-3.641,-16.412,-6.376
43,49.302,-6.264,39.415,-5.926,51.221,-16.835,-28.503,-2.497,-13.661,-7.073,-4.78,-2.918
44,51.376,43.169,-7.493,-11.111,31.848,-29.785,-5.509,-4.475,6.962,8.441,-11.654,-1.782
45,53.103,65.15,49.75,18.143,39.008,-20.729,-1.427,1.15,-7.755,4.166,-11.576,1.197
46,49.95,89.906,4.903,1.81,5.237,-6.026,-9.133,-2.539,-18.835,1.636,-18.17,-5.06
47,50.164,42.966,-18.396,-1.509,22.999,-33.721,4.533,0.232,-8.96,3.258,-11.28,-3.774
48,52.511,22.179,6.495,-2.409,21.532,-23.732,4.757,-5.627,2.308,5.181,-15.467,-7.958
49,49.4885,50.8775,-9.41,8.49,21.445999999999998,-21.173000000000002,17.872500000000002,0.863,-11.291,5.531,-19.519,-7.745
50,53.775999999999996,15.368500000000001,25.2625,-11.27,14.155999999999999,-23.255499999999998,2.393,1.345,1.6475,0.28600000000000003,-9.564,-4.5169999999999995
51,50.588,36.019999999999996,-3.557,-3.8280000000000003,14.5875,-21.483,4.8735,3.1615,-4.2645,1.7125,-18.4815,-6.101
52,55.669,72.435,15.505,-13.318,19.996,-27.981,-0.464,0.678,1.049,4.242,-9.986,4.634
53,48.3725,26.1075,20.0995,-11.892,27.4295,-23.828000000000003,3.2115,-0.35750000000000004,-2.2264999999999997,0.8029999999999999,-9.5595,-0.9990000000000001
54,49.575,42.227000000000004,-9.191500000000001,-11.4235,22.406,-23.4205,-9.767,0.42400000000000004,-0.7404999999999999,-4.8195,-9.5015,-4.1899999999999995
55,49.8445,47.2115,9.388,-12.0775,28.131999999999998,-20.844,-0.7004999999999999,-1.133,-0.552,2.4215,-10.058,-1.2999999999999998
56,47.188,-11.033,-27.036,-16.526,37.025,-26.429,-6.382,-4.647,-7.074,2.908,-10.293,0.518
57,47.0385,14.628499999999999,-2.148,-6.0725,-0.09949999999999999,-19.4445,21.752499999999998,7.6225000000000005,-0.6725,3.6115000000000004,-17.017,0.1655
58,49.567,67.356,-3.223,5.923,25.277,-17.367,1.823,0.266,-15.274,2.928,-14.782,-4.337
59,53.804,31.884500000000003,8.8485,5.473000000000001,20.0175,-28.493499999999997,-11.615,-1.482,-16.762999999999998,1.4340000000000002,-10.434000000000001,-6.0169999999999995
60,52.969,78.847,14.924,-0.225,32.717,-22.088,-9.153,-0.006,-12.482,2.603,-6.62,-5.879
61,51.823499999999996,22.695500000000003,21.337,-14.053,28.35,-29.927,0.198,-0.7875000000000001,-2.444,-1.431,-7.257,1.3370000000000002
62,51.511,40.647,12.177,4.105,25.787,-29.274,13.273,1.58,-6.077,1.914,-13.775,-6.193
63,51.044,43.227,38.575,0.303,29.406,-27.176,20.39,11.162,-10.99,-1.525,-8.065,5.484
64,47.441,9.112,-55.751,-3.316,-7.052,-26.772,-19.041,1.81,-6.711,6.294,-13.894,-3.99
65,52.037,40.7325,-9.5775,-15.07,19.227,-26.724,-2.816,-1.9415,-2.605,0.9395,-8.754000000000001,3.4115
66,41.119,-17.037,-21.463,-18.96,33.59,-12.794,-7.34,-1.262,4.357,-3.43,-16.715,-0.458
67,53.235,46.064,22.996,1.896,26.319,-29.277,-1.78,3.262,-5.056,4.601,-10.523,-8.822
68,50.673500000000004,58.085,5.6065000000000005,-4.2204999999999995,24.802500000000002,-20.555,7.429,2.8025,0.34299999999999997,1.8980000000000001,-11.0295,-1.528
69,49.933499999999995,7.3795,2.878,-9.997,29.805999999999997,-27.907,-4.5809999999999995,1.2919999999999998,-0.7775000000000001,2.639,-11.325500000000002,-1.891
70,53.085,37.199,43.343500000000006,2.2245,29.240000000000002,-25.735,8.526,-0.211,-15.401,-1.046,-7.3565000000000005,0.432
71,48.049,27.199,17.043,6.833,29.097,-23.649,-4.38,3.188,-2.109,5.103,-9.237,-8.162
72,50.71,56.345,30.236,3.734,16.677,-31.338,7.693,6.273,-1.694,0.105,-9.293,7.775
73,53.199,39.042,1.932,-16.168,17.996,-24.623,5.239,1.007,-3.557,0.717,-10.802,-1.701
74,54.146,13.625,42.436,-9.19,18.945,-23.3345,6.2315000000000005,-1.745,-2.3845,-1.6475,-11.009,-0.7055
75,52.291,22.905,4.426,-9.967,28.786,-29.19,9.536,-8.244,1.725,-0.083,-13.078,-5.259
76,50.238,3.768,-17.693,-11.285,28.436,-28.54,-4.031,3.943,-8.705,0.689,-7.66,-0.008
77,52.3705,91.888,31.503999999999998,10.497,34.799,-11.3655,1.2275,1.311,-19.3645,0.843,-18.07,-11.304
78,52.209,46.771,14.778,-4.893000000000001,32.4165,-13.839500000000001,-11.7635,-2.49,-8.269,2.669,-9.807500000000001,-2.505
79,50.4745,17.674,0.47,8.977,23.801000000000002,-14.743,-11.692,-2.2939999999999996,-4.106,-0.064,-12.1815,-7.5625
80,49.8675,40.378,-23.028,-28.494999999999997,17.249000000000002,-24.125999999999998,-9.3395,-3.0255,1.1280000000000001,-0.26849999999999996,-7.9995,1.1095000000000002
81,52.398,16.962,13.072,2.023,-6.889,-24.868,11.405,5.469,-0.833,1.224,-13.254,-7.559
82,51.301,56.491,-3.419,-3.34,26.891,-28.013,-11.898,1.518,-6.947,3.818,-11.3,-6.068
83,53.0775,67.174,11.792,-8.5855,12.768,-28.423499999999997,12.765,0.4165,-15.778500000000001,-1.2365,-7.8919999999999995,4.8965
84,48.636,-6.052,13.312,3.373,42.261,-32.421,1.161,0.332,-9.776,1.629,-10.424,-11.692
85,50.682,40.952,13.38,-8.875,30.429,-27.199,-11.535,1.723,-5.574,2.195,-8.012,-4.358
86,47.549,39.278999999999996,-10.503,-23.156,21.509999999999998,-19.985500000000002,2.1755,2.9265,0.5315000000000001,4.7044999999999995,-13.4575,-2.512
87,50.5855,22.4565,7.3665,-4.273,34.897499999999994,-23.969,-5.3345,-5.4945,-7.379,1.2985,-6.7455,3.1174999999999997
88,49.9105,39.6525,-15.9555,-5.1805,39.0375,-18.758499999999998,-19.7285,1.5605,-13.3735,2.8575,-16.881999999999998,-8.743
89,49.118,36.024,-17.392,-15.367,21.633,-28.036,-4.563,-6.088,-3.592,1.884,-13.287,-8.606
90,52.89,54.653,12.978,-2.157,43.591,-37.637,1.753,1.846,-19.434,3.783,-9.124,-10.155
91,52.097,68.771,3.931,-0.761,17.521,-29.836,1.387,2.485,-3.62,4.951,-11.436,-0.406
92,51.6505,67.13300000000001,1.092,5.6315,16.5855,-22.246499999999997,10.981,0.8335,-10.9235,4.2945,-13.8835,-1.1055000000000001
93,45.099,-2.886,-27.286,-7.059,7.595,-15.022,22.629,-3.262,-16.934,-3.226,-19.77,-7.782
94,49.831,17.488999999999997,12.8355,-10.7125,40.9315,-22.178,2.2990000000000004,-1.2959999999999998,2.2405,-1.6245,-12.546,-3.3425000000000002
95,52.666,40.9985,16.2695,1.9485000000000001,8.857,-14.013,-6.032,-1.3185,-14.912500000000001,-0.15100000000000002,-12.4545,-7.094
96,50.212999999999994,56.167500000000004,-12.696,2.5244999999999997,19.5935,-26.603,-5.5445,2.5199999999999996,-3.128,10.4585,-15.666,-0.9695
97,52.271,51.059,3.317,11.794,15.46,-29.383,-6.073,-2.363,-9.778,-0.788,-7.41,6.263
98,53.527,35.867,-5.341,-10.358,13.602,-25.784,-4.827,6.0,-13.967,-0.755,-10.233,1.121
99,49.339,16.572,-6.465,-14.233,39.345,-24.29,1.555,3.18,-4.157,-2.986,-10.818,-0.498
100,53.5105,70.14099999999999,-5.8285,-5.123,35.926,-31.9535,-14.616,1.1465,-3.9455,7.3435,-10.772,-5.4030000000000005
101,53.813,87.966,37.948,9.009,36.61,-16.231,-0.463,1.998,-9.076,-0.894,-8.924,1.465
102,50.298500000000004,19.98,-23.5365,-3.255,28.703,-18.295499999999997,-5.2219999999999995,-4.669499999999999,-13.1675,5.427,-12.3255,0.9974999999999999
103,50.184,27.916,-2.115,-10.859,7.56,-22.679,10.645,2.946,-9.305,-3.791,-14.088,-10.088
104,55.833,62.403000000000006,20.0625,-3.479,24.477,-34.218500000000006,0.095,0.2925,-12.8065,1.0705,-6.175,0.387
105,50.909499999999994,65.44999999999999,2.8440000000000003,-9.814,12.02,-26.5675,18.541,2.1345,-5.516,1.0385,-12.739,2.972
106,38.634,-32.6845,-48.085,-31.5385,15.225999999999999,-23.947000000000003,-1.0145,-0.6685,-8.0545,-0.574,-9.883500000000002,-4.782500000000001
107,50.4265,42.447,18.6675,-3.621,15.158000000000001,-22.41,3.3994999999999997,2.941,-4.3675,3.4415,-10.315,1.6355
108,51.798500000000004,45.483000000000004,-24.985,-6.814,17.609,-29.887,-5.0615000000000006,-5.756,-9.6095,3.1805,-12.79,-3.6574999999999998
109,51.2095,52.4985,2.933,2.1135,10.5015,-16.098,-3.321,3.098,-12.1955,-1.748,-10.376999999999999,-2.8120000000000003
110,54.572,70.885,1.287,-14.564,17.32,-31.216,-0.094,0.185,-0.302,6.495,-8.065,-0.563
111,52.305,45.42,-8.573,-12.626,24.184,-23.913,-2.279,-2.75,-9.288,-4.73,-9.025,-1.415
112,54.0425,86.0695,19.144,-7.449,21.382,-26.032,-0.47150000000000003,1.506,-5.9030000000000005,1.3559999999999999,-8.425,2.9085
113,46.911,41.145,-38.205,0.401,41.953,-11.241,-13.13,-5.671,-10.045,-0.929,-20.735,-1.025
114,52.8995,99.3595,23.769,6.8575,30.136,-30.549500000000002,-6.7155,9.093,-10.978000000000002,1.6525,-3.687,-3.2035
115,49.911,63.599,35.944,4.567,37.311,-27.536,19.14,-0.243,-24.864,-0.272,-11.643,-3.03
116,49.72,-6.957,-9.082,-13.184000000000001,14.8385,-18.7985,-4.3485,-0.045,0.9485,-2.3354999999999997,-10.8705,2.165
117,49.997,20.147,8.129,-8.927,8.02,-31.824,4.315,-2.444,-9.955,0.674,-7.715,-11.271
118,49.6625,78.8285,-31.88,-13.100999999999999,32.1635,-27.9785,10.8255,2.4734999999999996,-9.245,3.442,-17.174,-8.0305
119,52.309,68.352,3.132,-10.666,18.178,-26.22,3.531,3.622,0.621,3.964,-10.801,-6.395
120,52.9045,51.946,23.247,12.532,22.109499999999997,-23.924500000000002,13.347999999999999,-0.2095,-2.87,4.3215,-11.006,2.372
121,51.963,35.5305,8.0615,-16.7115,0.789,-25.9525,-7.134,-0.348,-3.524,1.1615,-8.5505,-0.3305
122,53.583,40.254,21.229,4.1055,17.477,-27.4635,10.9765,-1.058,-9.837,-2.5695,-8.5965,2.6865
123,51.9845,23.665,30.231,8.5505,17.5485,-25.0275,2.194,0.595,-13.172,1.012,-9.030999999999999,-1.4215
124,45.594,15.151499999999999,-44.138999999999996,-0.3565,8.053,-28.451,-6.189,-9.128499999999999,4.567500000000001,0.7615000000000001,-13.981,-6.5175
125,53.051,31.498,7.363,3.559,18.791,-25.583,6.138,8.525,-2.596,2.3,-15.857,-3.252
126,53.644,72.7975,8.724499999999999,0.148,-2.6705,-23.3905,19.1395,-0.258,-16.5785,1.745,-15.157,-0.796
127,44.638999999999996,-12.093,-35.902,-16.686,13.3315,-18.012999999999998,-2.585,-2.1144999999999996,3.0004999999999997,4.449,-14.489,-10.7345
128,54.844,57.397,28.417,1.712,26.664,-23.255,-0.168,0.18,-7.269,4.091,-6.726,2.946
129,51.499,25.084000000000003,-12.615,-2.697,33.139,-26.724,-11.887,-6.8985,0.062,7.382,-13.0125,-0.028
130,49.484,4.355,-16.796,-1.63,41.946,-19.134,22.765,1.541,-11.194,2.433,-19.088,-15.396
131,54.213,47.255,34.521,-1.531,51.016,-32.54,-8.932,-4.407,-7.479,-0.277,-8.913,0.755
132,51.206500000000005,46.316,18.372999999999998,-0.443,35.8995,-22.752,-12.277000000000001,-1.8875,-9.234,-0.267,-6.539,-2.924
133,51.667,73.703,11.4965,-7.559,22.14,-24.000999999999998,3.004,3.4665,-0.723,0.3155,-10.278500000000001,-1.6955
134,44.921499999999995,-15.411000000000001,-12.209,-5.2905,11.1135,-20.877000000000002,-15.919,-4.035,2.2735000000000003,-1.2414999999999998,-8.899000000000001,-6.324999999999999
135,49.084,1.942,-1.473,-21.185,26.304,2.249,-10.223,-2.388,-6.069,0.711,-13.717,0.71
136,51.663,54.135,7.449,-4.581,28.857,-27.126,2.618,-1.856,-9.2,-1.143,-6.782,-2.615
137,48.382,-20.915,8.338,10.512,37.511,-29.674,-14.144,-4.833,-2.934,7.925,-7.8,-4.531
138,48.392,53.303,2.942,-7.191,33.912,-32.683,-10.845,2.247,-5.792,5.634,-11.918,-12.756
139,50.713499999999996,29.316000000000003,12.629999999999999,-1.581,27.195999999999998,-21.519,7.1625,4.8774999999999995,-11.659500000000001,0.46699999999999997,-9.633,-2.1215
140,51.288,58.847,10.899,-6.961,20.106,-28.372,5.857,7.274,2.419,2.243,-11.084,-0.232
141,50.644,15.776,3.574,-10.8,30.544,-25.646,-0.996,-0.541,-13.99,-4.027,-9.45,-0.448
142,53.169,89.205,52.781,9.007,37.614,-16.666,-0.009,2.297,-2.975,0.256,-11.994,0.017
143,51.452,61.823,-1.432,-11.968,5.327,-29.405,10.305,7.267,-2.876,5.424,-11.984,-6.162
144,52.956,35.179,18.297,-3.13,24.451,-29.273,24.463,3.05,-1.247,1.97,-8.619,-1.501
145,49.434,48.74,15.0785,11.5715,27.4555,-20.1785,6.985,-0.444,-10.544,3.8635,-18.411,-2.473
146,52.3075,83.02600000000001,2.6925,5.4350000000000005,22.923000000000002,-11.646,9.692,2.6715,-2.9165,-0.3415,-20.738999999999997,1.7305000000000001
147,52.681,61.178,12.127,-0.911,16.113,-15.089,-0.93,3.313,-9.897,4.473,-14.298,-4.73
148,53.558,88.643,21.506,-10.647,27.146,-28.05,3.887,3.839,-4.009,-0.047,-7.47,9.962
149,50.730999999999995,38.462999999999994,7.494,-9.082,24.3935,-16.625999999999998,0.1305,3.3415,-5.271,1.228,-12.0275,-8.7385
150,54.2945,53.123999999999995,30.378500000000003,-4.5385,33.349000000000004,-30.2195,20.673499999999997,7.640499999999999,-3.5004999999999997,1.2365,-10.035,-0.1455
151,52.743,53.847,53.472,2.577,55.215,-31.023,3.302,0.29,-6.837,-1.366,-5.025,2.949
152,48.159499999999994,31.9185,18.6085,-3.848,47.942499999999995,-14.812,-7.7115,-0.23299999999999998,-9.117999999999999,-1.9329999999999998,-12.1005,0.8145
153,45.413,22.482,-26.043,24.216,19.083,-39.361,-8.36,2.402,-18.008,3.696,-12.08,-6.534
154,47.397,38.039,-34.062,-12.184,12.989,-8.462,10.88,-4.974,-14.773,5.479,-22.08,-0.331
155,47.9965,44.8505,-20.919,-8.193,3.2735000000000003,-17.005000000000003,1.4145,1.2315,-6.9815000000000005,5.2895,-15.9265,-3.04
156,53.432,20.644,13.391,-2.644,22.558,-31.801,7.492,-6.777,-7.69,-4.854,-6.723,-5.274
157,52.798500000000004,20.1185,9.984,3.266,27.8625,-25.122999999999998,18.2365,7.4365,2.4355,-0.9764999999999999,-12.1595,-6.2245
158,52.171,56.6495,12.078,-2.2395,5.175000000000001,-23.201,14.340499999999999,1.1549999999999998,3.5614999999999997,4.122,-15.0045,-2.4619999999999997
159,51.608000000000004,88.4795,4.832000000000001,13.953,20.18,-7.9625,-0.5619999999999999,-2.1885,-6.945,8.383,-24.718,-5.656499999999999
160,52.752,20.206,-6.469,-13.817,42.627,-33.478,7.271,2.338,3.23,7.609,-13.527,-1.212
161,53.545,73.61,19.007,-17.043,12.457,-25.218,8.109,0.893,-10.438,0.145,-7.964,5.943
162,45.239999999999995,-7.729,-43.0835,13.786999999999999,19.5065,-28.865000000000002,-10.911,-6.893,-15.063500000000001,1.321,-13.629999999999999,3.6494999999999997
163,53.889,74.58,25.723,-11.289,16.079,-27.098,-4.905,-0.279,-2.607,4.451,-9.922,-7.342
164,46.49,19.061,-13.847,-9.382,9.913,-26.706,8.209,0.398,-1.062,0.379,-16.081,-6.646
165,53.852000000000004,62.2255,12.2775,-3.0055,26.052500000000002,-27.0365,0.2355,5.561999999999999,-13.911,6.094,-12.517,0.398
166,53.576,84.56,33.59,18.444,22.237,-31.892,9.308,5.808,-13.996,5.311,-11.067,3.828
167,50.693,31.1545,5.666499999999999,-2.822,21.147,-30.9105,7.0685,1.689,-8.344000000000001,0.905,-7.0805,4.0385
168,49.94,51.069,17.806,2.541,20.522,-13.934,-1.835,-4.202,-11.478,0.766,-10.639,8.306
169,50.9555,32.181,27.85,-3.948,49.701499999999996,-25.987000000000002,0.8320000000000001,-2.1955,-3.4844999999999997,1.0005,-13.319500000000001,-1.8860000000000001
170,51.185,44.17,-2.729,-0.031,20.853,-10.905,5.237,1.897,-10.611,1.621,-17.991,2.969
171,51.814499999999995,39.8185,7.019500000000001,-11.1415,21.2365,-30.7295,16.4155,3.341,1.8085,2.481,-12.8235,-10.343
172,36.9865,2.899,-38.2575,-20.1115,-0.8554999999999999,-20.445999999999998,-16.5525,-8.3515,-11.565,-0.8594999999999999,-6.217499999999999,-7.862
173,46.1105,-17.583,-30.77,0.722,15.1995,-25.1935,-7.5455000000000005,-3.9029999999999996,0.188,1.7814999999999999,-7.0815,3.6159999999999997
174,53.91,56.302499999999995,6.0425,-4.3925,27.012,-35.8255,7.098,4.4415,-1.7835,5.8095,-7.8004999999999995,3.955
175,53.8795,71.182,25.993000000000002,-0.0365,28.9795,-37.0775,24.5515,8.1685,-6.9855,4.5600000000000005,-12.383,3.0545
176,45.477,-10.223,-6.211,3.142,30.329,-12.802,-2.169,-0.695,1.019,-0.682,-6.887,3.633
177,44.57,-29.007,-18.644,-2.28,36.73,-21.609,-0.75,5.02,-7.676,2.956,-7.823,-0.478
178,50.817,74.544,7.65,0.041,4.271,-16.333,1.732,6.313,-24.024,1.197,-13.84,-9.534
179,52.4805,70.8835,34.457499999999996,-3.846,19.032,-33.23,14.224,3.4684999999999997,-9.6795,0.5965,-9.4275,-1.2639999999999998
180,47.205,37.0015,-21.144,-3.7155,15.437,-26.9155,4.231,7.5755,-1.044,5.3454999999999995,-11.716999999999999,-3.7430000000000003
181,48.093,20.494999999999997,3.543,-5.635,25.555999999999997,-25.648000000000003,-5.186999999999999,-6.5835,-19.518,-3.565,-9.552499999999998,-1.9925000000000002
182,47.951,9.477,17.891,-11.591,-1.411,-23.223,-2.717,1.13,-2.32,1.379,-7.839,-0.505
183,51.6695,57.6465,59.911500000000004,6.092499999999999,34.6545,-22.4615,-10.011,1.0819999999999999,-9.832999999999998,-5.5455000000000005,-6.024,-0.679
184,53.671499999999995,35.7145,-2.9115,-22.587,26.7935,-30.8345,0.667,-1.2895,2.1925,3.1615,-11.9805,-11.18
185,49.503,24.6295,-16.8455,-22.8535,31.141,-31.919,2.1895,-1.0425,0.9415,1.4405000000000001,-9.911,-2.6020000000000003
186,48.161,14.521,-23.953,-10.675,9.586,-21.515,2.221,3.411,-1.11,1.134,-11.141,-4.246
187,43.789,-15.472,-35.043,-2.759,6.267,-22.969,-10.037,1.853,-2.696,6.309,-10.982,4.606
188,46.878,-28.488999999999997,25.387999999999998,-4.106,46.301500000000004,-15.0775,-15.072500000000002,-2.9565,-4.998,-3.0345,-9.222000000000001,-0.4875
189,50.375,23.276,4.994,-6.319,36.393,-16.968,5.568,5.119,-6.137,-0.233,-10.206,0.566
190,53.0155,45.681,22.1455,-5.519,21.488500000000002,-27.098,-1.336,-1.846,-17.7725,-0.8135,-7.4125,-0.28400000000000003
191,44.2,-42.404,-60.911500000000004,-8.503,-4.8075,-29.97,4.6835,-5.1805,-4.6555,-4.781000000000001,-9.998999999999999,-4.598000000000001
192,48.769,23.529,29.316,-7.284,12.138,-18.759,1.188,0.71,-6.426,-0.055,-11.526,-5.567
193,52.243,59.959,5.363,-8.939,7.019,-29.041,8.632,5.61,-4.821,-0.946,-7.898,3.019
194,46.91,17.5355,-39.17,9.446000000000002,4.855,-26.6595,-13.2835,-0.9055,-7.659,0.9305,-11.699,-2.5890000000000004
195,50.253,67.39750000000001,16.624,9.493500000000001,21.872500000000002,-18.391,-4.966,-2.825,-9.178,-1.3335,-16.96,-3.7235
196,54.0065,60.7355,35.6325,4.3774999999999995,25.151,-27.401,-6.1475,-0.11599999999999999,-2.114,3.3125,-9.0735,-7.246
197,50.8965,54.7515,-9.158999999999999,4.1935,6.218,-13.3935,1.3595,0.3745,-9.078,9.503499999999999,-13.307500000000001,-5.8865
198,51.253,52.694,21.817,0.567,19.746,-18.738,13.21,7.701,-0.241,0.633,-12.329,-2.536
199,50.488,44.879,30.214,-12.667,42.587,-25.606,-7.337,1.525,2.906,-0.754,-9.594,0.742
200,51.304,54.55,-7.736000000000001,-0.623,-4.5545,-17.829,0.7375,1.6389999999999998,-0.6890000000000001,-0.007500000000000001,-12.4145,2.339
201,48.383,17.212,12.864,-4.073,10.357,-12.189,6.295,5.074,-0.937,-3.774,-12.58,3.571
202,53.06,34.255,16.5,-3.315,21.484,-21.491,15.185,0.642,-8.403,-0.673,-14.449,-6.465
203,47.256,-17.705,35.824,-4.301,43.874,-19.789,-11.658,-1.376,-15.381,-8.201,-3.852,-4.62
204,49.732,35.6075,-2.533,-3.9805,17.591,-28.765,6.4415,0.136,3.3259999999999996,4.2385,-10.4175,-2.169
205,51.271,36.034,2.453,4.54,20.162,-15.343,-3.404,-9.426,-13.382,3.407,-11.758,3.651
206,53.265,46.468,29.538,-1.86,31.145,-31.456,10.95,-0.412,-9.823,1.877,-8.787,-3.295
207,50.099,31.809,-22.072,-12.041,37.619,-18.6,-2.85,1.178,-7.006,-1.093,-17.298,-12.207
208,50.772,72.082,0.338,-2.777,13.079,-19.72,-5.131,-4.031,-8.269,4.983,-11.27,-0.485
209,53.543,54.766,22.515,-12.895,15.83,-25.82,2.942,4.196,-9.143,-1.367,-8.922,-4.795
210,49.763000000000005,7.3695,-17.695999999999998,-15.499500000000001,25.8355,-29.7955,-1.4009999999999998,-3.3680000000000003,-5.3695,-1.624,-9.7235,-8.3955
211,54.154,53.596,8.769,-14.553,28.341,-24.628,1.23,1.424,2.721,-0.164,-11.981,0.983
212,51.553,63.7675,28.813000000000002,2.5235,33.076,-22.264,15.625,2.2415000000000003,-4.5335,1.476,-12.6545,-2.6085000000000003
213,51.241,66.49,54.72,12.572,51.575,-14.091,-6.72,1.176,-1.304,-3.807,-9.739,-2.18
214,51.847,18.49,13.706,-4.188,0.81,-25.946,16.524,6.119,-0.719,5.327,-11.426,1.379
215,51.43,58.82,0.703,-2.14,20.374,-23.053,0.699,1.447,-0.352,-0.172,-8.41,0.599
216,50.955,66.689,38.313,15.08,18.899,-8.1945,3.583,3.937,-13.8575,-0.7055,-11.513,0.251
217,50.992000000000004,86.2815,-9.788,4.838,11.517,-28.389499999999998,23.366500000000002,-2.6285,-14.6615,-3.8335,-19.428,1.5935000000000001
218,54.483,67.278,7.593,-0.045,18.92,-34.944,13.69,4.907,-1.661,3.614,-8.628,-3.351
219,47.64,-8.0,-18.398,-6.937,36.177,-19.429,-5.508,-4.682,-2.026,1.963,-11.021,-1.263
220,51.712,30.467,-1.9914999999999998,7.3885000000000005,16.611,-14.048,-1.5875,1.1755,-0.8365,-1.762,-14.504,2.513
221,55.2755,93.9675,20.9325,-11.7965,12.225999999999999,-23.9795,-3.318,3.4989999999999997,-15.5705,1.884,-9.5855,-5.6545000000000005
222,48.861,57.8615,5.266,-1.562,32.262,-19.119,3.2135,-0.746,-14.6705,-0.645,-14.812999999999999,1.3645
223,53.696,85.551,1.071,-14.602,11.16,-28.503,-5.004,-0.566,0.721,1.97,-9.431,3.772
224,48.853,15.367,-10.631,-1.682,15.834,-32.369,22.808,3.835,-10.838,-4.421,-9.912,5.176
225,51.861,32.843,7.19,-4.298,39.371,-34.217,6.35,-0.077,-3.496,-0.869,-8.976,-4.176
226,50.892,83.8,23.244,-7.975,20.639,-24.393,7.378,5.949,-3.298,3.885,-11.63,-4.281
227,52.619,72.02799999999999,7.423,-3.372,11.988,-23.0065,1.96,1.8039999999999998,-4.4975000000000005,2.487,-9.8905,-0.338
228,50.035,25.4295,-32.407,-17.575,33.8765,-32.768,-5.664,-1.2294999999999998,-6.5605,1.283,-9.6115,-6.14
229,45.408,-13.619499999999999,-44.2115,-25.2175,25.538,-21.319000000000003,-11.816500000000001,-5.341,-12.1375,-0.48650000000000004,-10.0855,-1.9865
230,52.254,14.573,23.383,-1.547,9.618,-24.477,4.181,3.484,-20.279,-3.13,-8.436,-5.165
231,48.305,19.617,-16.471,-25.608,26.354,-22.66,0.955,2.872,0.874,0.295,-11.849,-5.043
232,52.921,22.919,26.006,2.677,34.997,-25.806,-6.764,3.226,-14.081,-0.996,-9.098,-1.433
233,42.149,55.586,-21.632,0.248,44.88,-30.609,-6.846,-1.049,-14.894,3.637,-12.669,-0.787
234,47.603,80.456,54.102,21.32,52.356,-18.033,-20.408,-4.721,-12.393,8.94,-6.99,-4.538
235,50.3695,40.6525,30.9545,-0.626,25.2705,-25.479,-5.702500000000001,0.8855,-6.132,-0.5595,-5.933,0.774
236,48.002,52.855999999999995,-4.9205000000000005,-6.934,19.082,-28.192500000000003,9.439,1.928,-1.231,-0.5874999999999999,-9.778500000000001,0.4985
237,49.553,-7.682,-12.152,-6.718,24.062,-23.673,0.334,-3.583,-5.615,5.432,-8.15,-4.324
238,51.034,-0.922,23.869,9.211,15.584,-23.158,10.322,4.313,-13.982,-5.527,-6.399,-0.818
239,50.675,59.501,10.281,5.237,24.254,-25.841,15.663,-0.396,-8.565,4.659,-15.01,-5.171
240,52.0895,68.01400000000001,9.5795,-4.0515,18.506,-18.414499999999997,-0.558,4.529,-13.661000000000001,-1.6855,-9.267,-3.3225
241,49.4775,-0.485,10.0135,-10.3705,27.673000000000002,-19.91,-13.01,-5.074,-8.275,-4.159,-5.637499999999999,3.431
242,52.406,39.141,-7.213,4.684,26.095,-21.761,-5.004,10.547,-15.968,1.726,-8.563,1.132
243,49.455,14.875,8.3045,-7.3025,26.546999999999997,-22.742,-3.9210000000000003,-3.5305,-4.9719999999999995,-1.439,-8.6125,3.2439999999999998
244,51.3535,54.5325,8.011500000000002,-4.4645,23.16,-23.927500000000002,11.401,3.507,-5.548500000000001,2.72,-12.9675,-5.157500000000001
245,48.501,19.52,32.119,-12.879,5.879,-27.739,-2.547,-0.807,-6.957,-1.349,-4.871,2.376
246,51.036,46.714,1.983,-2.3695,36.2735,-27.181,7.7219999999999995,4.1129999999999995,-21.563,4.5465,-16.8105,-7.0295000000000005
247,49.876,51.657,0.657,7.206,31.906,-15.531,9.152,4.254,-0.906,0.267,-19.922,-4.601
248,53.379,74.475,16.821,-1.741,5.508,-18.615,-6.51,7.06,-0.495,5.499,-12.882,-2.417
249,51.855,45.13,-12.236,-15.272,21.185,-30.611,-6.784,-3.127,-8.525,0.534,-11.79,-1.347
250,49.094,53.453,-3.391,15.91,-2.685,-11.078,-12.317,-2.455,-9.191,-0.884,-12.534,14.231
251,48.436,24.611,-20.807,-17.054,14.246,-23.331,1.899,1.992,1.084,-2.171,-12.446,-2.045
252,52.2505,51.022000000000006,17.94,-5.6850000000000005,18.200000000000003,-22.6535,-1.713,0.3425,-13.9735,-1.822,-10.2035,-8.1905
253,47.837,12.946,-6.503,-20.672,26.974,-23.392,-4.568,-0.97,-10.833,-4.406,-6.841,5.435
254,50.507999999999996,17.869,25.308999999999997,-12.311,20.3095,-28.691,-2.0175,2.7215,-4.936999999999999,0.8605,-5.879,-3.5355
255,52.538,67.043,19.877,-8.438,23.603,-31.559,22.266,3.64,-0.568,2.499,-10.635,-4.412
256,55.4815,48.959,19.700499999999998,-19.197000000000003,7.9885,-30.8565,-3.6334999999999997,2.6630000000000003,-8.586500000000001,1.4635,-9.2905,-8.5675
257,38.457,-43.034,-89.404,3.305,6.292,-42.343,-13.43,-15.78,-5.754,2.296,-14.668,1.839
258,48.013000000000005,38.6525,14.5335,15.3005,49.658500000000004,-10.77,11.9345,6.904,-13.347999999999999,5.289,-23.371000000000002,6.4864999999999995
259,54.03,28.611,15.879,15.735,15.73,-22.106,10.083,-3.064,-7.448,0.902,-15.344,-5.679
260,54.0015,50.289,14.1065,-5.0169999999999995,16.700499999999998,-24.5855,-4.2445,-2.65,-8.9195,2.5564999999999998,-10.065,-5.890499999999999
261,50.713499999999996,32.656,3.886,-8.927499999999998,41.8305,-27.825,9.498000000000001,0.31999999999999995,-8.264,2.053,-11.574000000000002,2.0175
262,51.571,47.883,23.905,-8.947,32.243,-37.645,8.397,2.031,-4.341,3.132,-7.982,-5.358
263,52.096000000000004,31.6855,36.2455,-3.1399999999999997,31.9005,-27.369,8.6915,0.23500000000000001,9.535499999999999,0.6465000000000001,-8.129,1.7115
264,49.0875,31.344,1.0590000000000002,-13.488,18.176499999999997,-24.261,4.3535,1.9665,5.5835,-0.9824999999999999,-10.597,-0.2205
265,51.078,30.657,12.388,16.285,13.177,-21.011,10.395,0.392,-9.171,2.408,-12.126,-3.949
266,49.3405,19.8575,-11.998999999999999,0.385,25.335,-27.502,-3.3045,-0.23299999999999998,-3.1870000000000003,-3.2984999999999998,-10.9555,4.6985
267,52.052,43.436,-9.684,-12.627,25.39,-26.247,-17.582,-2.297,-2.153,-0.432,-10.456,-7.011
268,50.8655,59.963499999999996,-6.083,1.755,25.256999999999998,-15.572500000000002,-2.789,4.1635,-13.271,6.121,-16.8295,-5.1845
269,53.836,40.073,16.939,2.242,18.63,-22.026,16.793,5.245,-7.433,2.591,-9.83,3.032
270,53.92,52.326,1.74,-9.136,17.604,-30.171,6.358,-6.464,-11.189,0.815,-9.025,-13.23
271,51.4835,65.67949999999999,1.536,-1.3490000000000002,14.4675,-32.4995,-0.358,5.5135000000000005,0.9525,7.9830000000000005,-10.159500000000001,-8.4485
272,47.825,10.673,-24.0735,1.6245,16.311500000000002,-21.5965,13.372,4.584,-8.8125,1.5215,-20.515,-4.406499999999999
273,53.704,59.658,15.138,4.207,30.461,-23.439,-2.194,5.471,-7.46,1.444,-8.604,-6.735
274,49.64,61.852,-16.18,-10.743,15.121,-23.564,-2.773,-5.87,-7.868,1.585,-12.794,-3.765
275,49.963,28.606499999999997,1.8305,-15.5095,0.347,-21.0785,-11.927,-0.9864999999999999,-3.4385000000000003,2.4975,-9.917,-12.5535
276,52.049,66.11,2.05,-17.2165,23.6425,-29.65,9.408000000000001,0.6045,-5.7665,2.8715,-12.174,1.4505
277,48.839,44.6745,27.4205,-8.0655,16.012999999999998,-29.3335,-4.9635,-2.644,-11.9405,-2.918,-5.524,-1.0455
278,53.077,77.709,11.224,-7.057,25.899,-25.277,6.134,3.895,-4.737,1.417,-11.315,-3.266
279,51.739999999999995,67.9165,17.049500000000002,0.1805,16.4055,-17.391,-0.301,0.885,-13.501999999999999,-0.526,-9.993500000000001,2.9930000000000003
280,53.424,46.381,13.921,-3.0575,28.884,-28.526,6.9030000000000005,6.073,-2.3994999999999997,4.6585,-10.407,1.5795
281,51.839,67.957,15.874,8.97,22.498,-28.279,10.102,6.709,-5.324,3.754,-14.155,-2.923
282,46.967,-15.494,24.169,-1.023,57.601,-17.43,-23.189,-3.772,-7.556,-12.292,-2.711,12.227
283,51.94,27.133,-17.496499999999997,-18.813000000000002,-1.201,-28.1675,-3.8,-6.429,-1.3904999999999998,-0.035,-9.3325,-1.875
284,50.475,30.036,-16.266,-1.072,19.604,-29.343,-0.043,-1.513,1.737,-1.594,-9.431,7.999
285,49.906,49.251,-8.221,-6.359,20.292,-17.435,6.316,-0.144,-10.399,-3.344,-15.743,-12.943
286,51.591,29.671,-1.521,4.611,22.61,-31.664,21.64,1.346,-20.638,-1.825,-10.242,-0.91
287,52.294,43.9255,1.823,-16.206,22.509,-20.319000000000003,16.1095,4.635,0.366,0.107,-11.1055,2.1985
288,53.476,82.32,8.193,-11.891,-12.051,-29.839,-11.157,5.685,-6.385,1.908,-7.062,-3.957
289,49.926500000000004,30.899,16.5485,1.7774999999999999,9.5075,-26.1615,11.1115,3.2184999999999997,-3.622,0.786,-7.1035,-1.4595
290,52.254999999999995,42.91,14.475000000000001,-2.2965,4.8095,-31.067,7.696,1.102,-7.632,6.122,-8.814499999999999,-10.218499999999999
291,50.695499999999996,40.073499999999996,-17.015500000000003,-12.3445,2.1525,-32.955,-0.897,7.3100000000000005,-0.3075,3.9345,-8.0305,2.0325
292,54.927,34.739,15.874,1.47,28.519,-27.913,16.75,-3.763,-12.564,-1.418,-9.288,-1.632
293,53.168,44.998,6.805,-10.338,15.711,-24.034,5.615,-2.296,-9.146,1.591,-9.542,-5.928
294,48.084,-2.624,-13.116,-14.059,35.216,-30.883,3.022,-2.754,-19.225,-5.335,-6.612,-8.658
295,47.557,11.64,-6.465,-21.836,34.658,-26.708,-2.964,2.589,-1.449,2.224,-11.228,-14.713
296,48.676,15.815999999999999,-17.3235,1.6835,27.6875,-31.838,2.3120000000000003,4.8895,-1.8319999999999999,6.2985,-14.532,-1.4575
297,52.728,32.504,24.077,4.462,26.004,-12.182,-5.648,5.452,-16.347,3.079,-15.282,-3.3
298,54.965,98.2795,1.181,0.259,29.273,-30.2335,-5.8345,4.537,-2.2335000000000003,9.457999999999998,-12.8835,-8.3635
299,50.978,59.622,18.433,-10.314,3.559,-24.62,7.791,1.033,-2.828,0.6,-10.706,-1.751
300,50.498,50.663,-9.022,-6.468,11.732,-25.227,13.664,0.719,-13.161,0.815,-10.614,3.613
301,48.8615,3.138,2.863,-9.089,37.848,-33.9565,23.268,4.150499999999999,-12.5975,-3.5324999999999998,-10.8545,-5.7395
302,54.388,50.3725,32.6915,11.023,24.1385,-31.316499999999998,10.836,0.48350000000000004,-8.4145,4.9670000000000005,-9.118500000000001,-0.7070000000000001
303,48.477,-13.824,2.214,-27.983,24.47,-28.372,12.466,4.065,5.784,-2.651,-9.874,0.743
304,52.911,50.777,28.902,4.167,21.705,-23.711,16.401,4.67,-9.161,-1.877,-10.574,2.086
305,50.7195,34.43,18.012999999999998,10.581,28.732,-21.137,9.464500000000001,3.9555,-8.915,2.3235,-14.0525,-0.439
306,51.927,67.338,27.387,0.917,43.84,-36.911,-2.93,-0.438,3.418,5.543,-9.255,-2.394
307,51.667,15.694,31.748,0.018,19.189,-23.41,-1.303,-3.568,1.049,0.687,-10.224,-10.876
308,49.69,7.668,-13.932,-16.14,20.951,-27.145,1.179,-0.547,-2.812,0.871,-9.586,2.86
309,49.528999999999996,49.584999999999994,-41.447500000000005,13.1705,31.159,-17.999000000000002,-4.8725,-2.973,-0.043,3.51,-10.6205,-2.947
310,51.198499999999996,20.262,12.3,-4.9384999999999994,16.564,-14.4365,-9.5245,-1.075,-20.887500000000003,1.576,-14.265999999999998,-8.555
311,54.6525,95.458,44.757999999999996,8.285,43.215999999999994,-20.035,0.077,12.370000000000001,-5.4585,4.5504999999999995,-10.366499999999998,-2.2485
312,55.4355,68.076,17.9565,-4.958500000000001,26.8345,-33.675,-9.313,0.6990000000000001,-6.8545,1.3605,-5.8915,2.133
313,53.096000000000004,58.494,23.594,-10.405999999999999,14.7105,-29.451999999999998,-12.0855,-0.594,-14.276499999999999,-0.067,-4.1185,8.1525
314,47.442,25.056,2.584,-1.84,13.436,-16.309,10.391,4.361,-9.974,-1.504,-11.219,-3.672
315,52.166,45.437,34.229,-1.089,9.266,-26.943,5.006,0.097,-6.697,4.051,-11.642,-9.758
316,53.802,52.995,11.151,-7.678,23.357,-26.413,1.112,2.23,-8.538,2.579,-7.596,4.223
317,45.684,-28.985,-35.493,-15.179,21.867,-21.857,17.709,-0.721,6.914,-1.587,-16.563,-2.24
318,55.7455,69.40549999999999,9.291,11.49,15.8535,-28.012999999999998,5.141500000000001,-1.6395,-20.421999999999997,-8.133,-9.7675,-0.4565
319,52.354,16.384,10.674,-1.468,34.135,-31.703,8.725,-4.604,-7.764,0.505,-11.682,-6.733
320,54.3695,11.8875,10.7955,17.026,11.9725,-26.655,18.249499999999998,5.528499999999999,-7.002000000000001,3.52,-13.7055,-1.84
321,52.639,61.075,25.231,-8.33,40.722,-28.731,15.181,5.194,-6.51,0.148,-11.717,-3.062
322,52.35,54.032,15.357,-5.758,10.794,-31.246,3.52,-2.93,4.393,5.25,-6.082,-3.889
323,50.716499999999996,52.564,13.6965,-9.779,-4.614,-27.115499999999997,-10.199000000000002,-2.6115000000000004,-1.31,1.1070000000000002,-6.702500000000001,-7.7325
324,47.6815,28.8545,-26.742,19.522,29.4645,-66.45750000000001,10.693,12.1685,-1.0635,4.492,-9.245999999999999,2.9684999999999997
325,53.775,46.107,22.865,-1.952,22.146,-20.047,-12.332,1.025,-17.895,-5.879,-3.689,4.101
326,39.551,0.35,-10.283,-8.673,28.354,-10.675,-17.697,0.07,-8.396,-3.72,-4.231,12.291
327,44.6515,-107.6515,2.4210000000000003,7.2989999999999995,6.5600000000000005,-36.2615,34.18,-0.16999999999999998,-6.226,-3.0015,-4.691,14.133
328,46.526,102.492,-56.592,-16.299,1.631,-11.455,-11.26,-0.198,4.363,6.256,-12.585,1.074
329,50.377,18.433,28.624,-6.737,0.744,-19.361,2.974,1.89,-9.435,-4.698,-6.738,2.978
330,54.215999999999994,58.403,-5.5835,-10.265,-15.106,-22.716,-8.9685,-1.3925,-12.703,-1.3485,-10.1995,-3.724
331,40.86,77.62,-11.92,-4.478,-16.903,-14.617,-31.394,-9.39,-6.831,2.635,-12.134,-7.956
332,55.282,50.894,35.951,-6.843,18.17,-28.686,11.625,3.315,-4.392,2.848,-8.982,-7.699
333,41.4395,-14.442,7.121,-9.812,34.8655,-25.499000000000002,-3.8935,-2.407,-2.532,-2.075,-6.1915,-4.5794999999999995
334,49.5685,40.706500000000005,-12.7575,-19.297,28.534,-29.828,0.328,-2.2245,-4.212999999999999,0.391,-9.5075,-1.0299999999999998
335,49.841499999999996,44.9645,-39.467,6.9415,26.049500000000002,-11.592,-14.250499999999999,16.174,-13.638,5.6005,-16.3105,-4.0545
336,53.973,76.616,2.519,-0.911,17.55,-27.350499999999997,10.795,8.1275,-6.2485,9.584,-15.4985,-3.3895
337,53.412,46.014,17.933,-11.493,9.524,-19.461,10.141,8.981,-10.328,-2.555,-11.661,0.519
338,52.39,69.2,53.57,16.287,33.733,-20.703,7.779,2.947,-15.836,-1.715,-8.019,-7.684
339,53.3555,49.4215,23.72,1.9735,32.016,-20.613,1.0745,-0.892,-11.892,-0.139,-11.7695,-5.138
340,54.577,77.667,21.9625,-1.112,21.310499999999998,-28.0135,5.527,8.9195,-14.846499999999999,4.48,-12.5745,-10.9605
341,50.052499999999995,12.043,-1.8279999999999998,-14.293,32.5395,-29.98,7.3545,-2.1715,-8.939499999999999,1.075,-10.8645,-8.5475
342,54.356,61.846,15.102,-6.583,23.443,-21.638,-15.233,0.584,-14.044,-0.075,-6.977,4.013
343,52.807,62.76,15.473,-2.129,6.851,-24.003,20.321,6.376,-7.019,5.497,-11.43,-1.487
344,52.385000000000005,46.7015,-7.991,-2.8095,22.5385,-29.5215,1.7465000000000002,9.8665,-18.708,0.9615,-8.8385,1.5875
345,49.760999999999996,38.2545,-4.0825,-0.659,25.5515,-26.811500000000002,13.165,8.806999999999999,-8.2375,-0.20400000000000001,-8.796,0.5465
346,52.882,63.675,16.467,0.725,26.306,-28.662,23.136,3.019,-5.928,-1.029,-10.811,1.126
347,51.976,50.688,24.616,11.365,33.074,-17.699,-0.008,5.682,-6.53,-0.216,-12.635,-5.071
348,48.329,60.817,1.9135,-6.4015,12.6365,-15.3555,-14.2715,-3.0195,-11.7805,0.114,-11.43,-8.023
349,47.322,14.849,17.648,4.208,29.059,-20.282,18.347,3.358,-16.909,-0.678,-13.279,5.943
350,48.446,32.411,-26.682,-20.056,30.074,-29.4,1.986,-1.53,1.441,3.57,-11.547,-0.344
351,48.952,58.454499999999996,-16.2555,-11.473500000000001,6.0745000000000005,-22.491,-8.332,-7.071,-12.493500000000001,1.852,-10.09,-4.508
352,53.785,52.568,28.087,-0.451,34.718,-32.628,11.256,0.49,-9.677,1.866,-9.024,-1.88
353,52.507999999999996,66.589,19.8455,-7.9995,23.843,-31.383,22.2435,3.7119999999999997,-0.5175000000000001,2.5275,-10.5305,-4.495
354,51.636,27.943,-6.279,-20.393500000000003,14.4155,-20.703,1.065,-0.1285,-11.131499999999999,-1.2505,-9.8865,-3.5255
355,44.192,1.917,14.382,-14.466,28.934,-23.721,-18.584,1.56,-3.937,-1.377,-2.679,1.909
356,44.264,-32.016,-13.52,-10.771,9.943,-19.586,-17.913,-8.786,-3.678,-4.664,-10.629,-4.076
357,49.93,12.278,11.025,-0.372,12.424,-23.086,10.851,-1.935,-10.638,-0.804,-13.93,-6.102
358,50.0185,11.4345,-9.6915,-13.3525,21.1295,-25.198,3.31,3.2465,-6.491,-1.7875,-8.4775,6.16
359,52.894999999999996,32.837,16.945999999999998,-3.6390000000000002,9.201,-22.573999999999998,20.587,3.2355,-1.869,0.402,-10.801,2.8885
360,54.74,71.575,22.324,11.023,24.083,-25.325,3.218,1.135,-15.713,4.373,-12.353,-3.419
361,52.6265,41.586,14.0525,-10.2505,23.042,-25.07,13.5465,2.198,1.7225000000000001,0.5695,-12.6915,-5.4765
362,53.5075,17.305,19.3235,3.7155,29.4995,-21.116,0.2535,0.40449999999999997,-9.4895,2.0564999999999998,-11.498999999999999,-1.154
363,51.423,68.205,37.961,8.153,42.226,-27.088,4.481,6.343,2.344,4.354,-7.597,7.982
364,49.409499999999994,47.9285,12.655,-21.881500000000003,34.1875,-22.7895,5.253500000000001,3.1665,-2.186,0.488,-13.331,-6.728
365,49.8665,59.081999999999994,23.682000000000002,-4.807,23.3135,-25.1115,4.927,4.2175,1.9435,1.8780000000000001,-10.003,3.7315
366,49.8475,85.533,47.4225,8.1335,40.5875,-8.591999999999999,-14.6585,4.032,-19.2915,3.0435,-12.6865,2.8765
367,42.405,0.308,16.421,5.661,27.437,-16.557,-2.064,-1.007,-11.562,-3.539,-13.741,-4.177
368,53.816,66.255,10.633,1.754,24.915,-33.768,18.297,2.609,-7.87,5.569,-9.54,-5.497
369,51.1155,20.863500000000002,-3.6625,-4.221500000000001,35.2245,-24.535,18.9135,1.258,-10.373999999999999,-2.362,-15.1065,-1.567
370,50.786,63.453,32.913,-3.234,33.578,-25.76,11.298,5.309,-8.132,1.8,-10.47,-1.939
371,45.2635,34.620999999999995,-31.994999999999997,-7.4015,58.937,-15.431000000000001,-15.068,4.8934999999999995,-6.8545,13.2555,-22.634999999999998,-1.6135000000000002
372,49.9,25.22,-26.0035,9.900500000000001,17.689,-17.836,-13.3785,-6.9055,-11.385000000000002,7.612,-17.1115,-5.728
373,47.705,17.043,-21.577,-0.786,5.246,-11.945,24.717,5.197,-10.049,5.042,-25.958,-5.961
374,46.483,-1.434,7.149,-18.818,13.264,-23.708,4.211,3.966,-3.3,-2.68,-7.215,-5.761
375,50.501999999999995,49.584500000000006,-37.027,-23.450000000000003,-2.5865,-12.500499999999999,-18.4865,1.0550000000000002,-0.23249999999999998,2.7145,-18.177500000000002,-7.7044999999999995
376,52.6255,33.203,30.1045,-7.0165,40.308499999999995,-28.3075,-2.0315000000000003,-0.17049999999999998,-11.6305,-1.33,-8.254000000000001,-1.9515
377,47.609,-8.004,-39.774,-33.875,26.206,-16.558,-2.187,-2.591,-0.066,-0.033,-9.494,-2.224
378,51.984,18.354,22.411,-10.981,12.838,-27.895,3.411,2.865,-10.42,-0.859,-9.165,-5.962
379,43.515,-2.009,-44.848,-12.742,34.773,-20.074,0.311,4.52,2.194,-3.613,-10.02,0.827
380,51.717,46.175,-0.506,7.0585,24.654,-19.988,-22.0895,-10.957,-19.6665,6.2475000000000005,-12.048,-10.998000000000001
381,52.021,24.8315,-3.4115,-1.2625,10.913499999999999,-15.4275,-16.609499999999997,-5.7315000000000005,-16.9745,-1.891,-8.915,1.1085
382,49.1265,41.569500000000005,-37.679,-12.2925,17.8755,-5.5335,-0.1455,3.213,-7.463,11.5395,-28.786,-17.6295
383,52.974,27.2,-1.577,14.197,41.362,-30.794,12.958,-1.738,-14.115,2.218,-17.533,-2.872
384,50.474,-0.103,-8.488,-2.476,26.463,-10.942,-10.511,-1.911,-7.162,-1.846,-11.81,-0.704
385,43.767,-23.905,-34.978,-6.725,35.906,-11.665,2.978,-16.271,10.231,-5.214,-22.122,-6.879
386,51.433,2.151,-10.376,-16.221,24.04,-21.537,6.365,-2.008,1.534,0.932,-12.909,-6.766
387,53.6245,52.431,12.589500000000001,25.066000000000003,16.692999999999998,-4.4335,-10.3695,6.264,-8.475000000000001,6.9935,-11.156500000000001,-1.4855
388,49.522,14.957,-20.768,0.198,14.307,-11.861,-6.009,-1.165,-6.33,5.675,-21.594,-6.511
389,52.046,45.434,-11.223,-4.703,31.043,-25.04,-7.084,-2.831,-3.656,0.68,-14.612,-6.573
390,50.272999999999996,28.7085,-17.787,-23.667499999999997,29.3335,-29.7085,-12.021,-2.335,-4.18,2.722,-10.352,-3.1915
391,50.9755,24.839,-1.6795,-12.4585,17.061500000000002,-23.476,1.2265000000000001,-0.868,-5.4830000000000005,-2.8705,-10.652000000000001,-3.708
392,47.112,7.511,-18.261,-9.307,1.09,-20.204,7.34,-2.584,-9.759,-0.263,-14.448,-5.866
393,41.818,-39.3905,12.094000000000001,-15.0705,14.4295,-18.738,-8.7895,-2.0595,-2.9450000000000003,-4.0945,-6.0595,0.481
394,48.929,28.545,-2.246,10.156,30.498,-18.283,-24.102,-13.854,-18.46,2.258,-12.186,-9.906
395,44.454499999999996,-26.53,-28.439999999999998,-17.9015,14.734,-29.211,-2.4325,-0.1745,3.3125,-1.178,-7.631,0.8915
396,48.861999999999995,15.212499999999999,3.8375000000000004,-11.402000000000001,15.0935,-22.6515,-7.4465,-4.942,4.5265,1.559,-11.2545,-0.44
397,48.856,43.25,-44.897,5.733,34.312,-7.409,4.225,-8.054,-1.329,12.463,-29.48,-1.727
398,54.213,74.224,13.915,-1.218,13.64,-19.475,6.146,2.527,-8.078,-2.556,-10.394,5.097
399,50.73,34.726,32.619,-4.098,5.016,-24.864,-14.686,-3.884,-9.438,-2.282,-7.173,-4.134
400,49.223,17.876,-21.784,1.488,20.285,-23.477,3.699,3.812,-0.344,0.881,-14.776,-7.94
401,51.2295,35.247,-2.5,-4.8175,25.457,-21.7625,7.8985,0.7295,-6.1835,2.615,-16.1965,-11.45
402,52.785,51.179,15.003,5.352,42.857,-21.785,13.67,-0.175,-8.482,2.92,-14.27,-0.387
403,50.057,23.3845,-12.2915,-0.8385,25.1055,-25.7495,22.535,-2.0145,-22.262999999999998,-6.194,-12.9835,-5.053
404,51.1555,27.4255,-17.081,-0.2115,31.4195,-17.6265,2.0229999999999997,-4.026,-20.2785,-1.133,-15.8855,-8.955
405,51.711,83.733,42.517,8.242,55.458,-23.7,-3.58,-0.589,-7.735,5.519,-9.782,-5.609
406,50.1275,40.8575,-23.825499999999998,-3.7104999999999997,20.71,-13.36,-5.5775,-2.325,-7.990500000000001,4.0905000000000005,-21.103,-0.13
407,52.434,56.959,9.5445,-8.449,24.9365,-27.119500000000002,1.3125,2.5845000000000002,-9.256499999999999,2.582,-7.709,3.768
408,52.129999999999995,65.612,36.831500000000005,-0.09,23.039499999999997,-22.923000000000002,2.931,2.995,-1.8285,6.388,-11.471,0.601
409,52.048,41.485,23.91,-6.697,16.683,-21.252,3.667,1.104,-7.67,-2.744,-8.514,-3.673
410,36.838,22.17,-21.264,-2.297,24.603,-25.474,-6.466,-5.894,-6.805,3.201,-7.598,-2.635
411,50.096,71.136,26.491,-6.957,9.583,-26.636,-7.483,3.374,-1.718,-0.504,-3.183,8.196
412,53.311,38.805,15.823,-3.551,15.7465,-26.261499999999998,8.816500000000001,-0.7084999999999999,-7.803,0.7455,-10.059999999999999,-8.5725
413,50.8645,54.498000000000005,40.0865,-2.9845,7.635,-21.8005,-10.719000000000001,1.0619999999999998,-0.464,2.169,-7.7515,-3.5615
414,47.366,29.576,-18.792,-8.747,25.407,-24.008,-4.083,4.246,1.249,4.018,-14.133,-4.464
415,52.7125,10.254999999999999,18.4795,-7.0095,25.7705,-27.141,-13.4805,-5.3195,-6.741,-2.5605,-7.1345,-10.206499999999998
416,52.704,38.782,14.788,15.927,37.991,-13.13,2.98,5.054,-11.548,1.486,-17.898,-5.388
417,49.246,29.779,-6.182,-19.281,22.328,-28.23,-14.71,1.035,-2.468,4.62,-10.245,-2.739
418,49.102,45.594,13.953,-1.204,29.65,-15.739,-9.194,2.064,-8.734,1.108,-9.497,1.277
419,50.7195,34.43,18.012999999999998,10.581,28.732,-21.137,9.464500000000001,3.9555,-8.915,2.3235,-14.0525,-0.439
420,47.395,13.575,-9.027,-3.576,24.095,-18.599,-20.721,-8.152,-7.489,1.098,-8.683,-4.28
421,49.22,49.092,6.014,-11.796,31.971,-16.673,-0.751,-1.575,-6.453,3.355,-12.43,0.447
422,51.12,52.154,2.868,19.487,36.423,-38.265,-3.087,5.326,3.735,10.025,-9.124,-1.749
423,46.367999999999995,-14.849499999999999,-4.8255,-16.624499999999998,20.428,-19.583,15.881499999999999,0.8734999999999999,-5.503,-5.9475,-13.837499999999999,-2.8440000000000003
424,50.717,37.584,-40.427,-18.11,34.951,-22.344,-8.539,1.557,-7.297,5.18,-16.303,-0.969
425,45.982,11.704,-13.928,-21.671,28.864,-10.215,-10.22,2.116,-1.71,-4.197,-10.893,1.643
426,50.563,30.615,-13.889,-4.783,13.747,-19.193,4.447,0.335,-6.731,0.025,-14.897,-2.379
427,51.092,20.464,-3.947,-3.992,35.673,-24.011,19.18,1.71,-10.265,-2.332,-14.794,-1.457
428,53.627,43.71,21.365,-17.467,16.817,-23.306,2.983,0.705,-2.71,-1.957,-7.994,10.196
429,46.322,102.8145,-55.8505,-15.773,1.857,-10.915,-11.745999999999999,-0.2745,4.332,6.288500000000001,-11.846499999999999,0.894
430,50.553,70.539,15.215,-9.64,26.522,-21.88,0.743,4.486,-0.62,0.383,-9.317,1.238
431,46.809,8.99,-4.278,-9.642,26.292,-20.467,6.681,2.332,-11.228,-3.262,-14.767,1.848
432,50.839,42.4805,-4.9995,1.508,18.2905,-22.995,-5.4205,6.0634999999999994,-8.091999999999999,5.718500000000001,-9.6445,-4.2620000000000005
433,54.929,30.507,32.356,-3.058,6.969,-26.436,-6.924,-6.797,0.741,1.608,-8.922,-11.241
434,48.143,12.896,-8.381,-14.077,10.098,-28.115,6.442,5.293,-2.54,-1.069,-7.373,-2.904
435,51.341,60.4795,28.3015,-6.361000000000001,49.5155,-32.7185,17.146,13.5175,-13.8185,-1.7585,-6.466,0.21250000000000002
436,49.949,37.379,-56.594,-4.736,33.693,-17.783,10.252,-2.049,-11.264,5.09,-25.238,-8.181
437,47.3725,11.457,7.7935,-0.5095000000000001,34.208,-27.6955,23.7745,7.2525,-1.812,0.9265,-13.847999999999999,-6.573499999999999
438,50.076,-5.632,17.991,4.06,51.825,-18.877,3.289,-1.245,-14.382,0.771,-13.713,-5.181
439,49.402,80.379,8.048,11.286,33.684,-5.307,-14.252,-0.732,-24.768,9.124,-19.338,-3.281
440,48.474000000000004,13.7415,-20.237000000000002,-4.561,35.009,-6.462,10.201,-3.966,-16.875500000000002,-4.4190000000000005,-14.648,0.5685
441,51.528,44.953,12.309000000000001,-10.363,25.157,-23.9415,-14.964500000000001,2.5985,0.846,1.7970000000000002,-8.7665,0.952
442,50.483999999999995,31.1825,-8.4555,1.1175,55.736999999999995,-11.8,-7.848000000000001,-0.251,-9.536,-2.6755,-14.544,-0.5555000000000001
443,42.23,20.284,-39.599,-14.328,-1.269,10.384,2.368,-4.646,-11.676,-10.924,-28.555,-7.722
444,51.929500000000004,50.5895,4.397,-4.34,26.644,-22.8855,-2.1465,-5.661,-8.374500000000001,2.8275,-9.413,-0.010499999999999999
445,48.831,14.181,14.576,1.639,30.747,-20.893,-2.434,1.651,-11.48,-5.028,-9.76,-0.154
446,46.47,89.515,-5.818,-11.436,26.324,-22.274,-2.456,4.177,-18.126,4.104,-12.466,1.504
447,50.989,24.585,-1.241,-12.071,17.491,-23.672,1.681,-1.532,-5.383,-2.755,-10.544,-3.595
448,49.052,-18.809,3.718,-13.4,29.304,-25.04,-1.339,2.099,-6.883,-2.509,-7.76,-2.08
449,49.959,39.287499999999994,-17.244,-4.977,21.853499999999997,-19.8905,-5.547000000000001,-0.5475,-5.8115000000000006,0.8235,-10.698,1.1895
450,52.411,69.654,22.527,3.7375,20.6605,-20.9095,5.281,4.072,-7.5920000000000005,3.936,-11.040500000000002,0.16549999999999998
451,46.006,11.189,-15.198,-21.938,29.692,-10.213,-10.256,1.951,-1.866,-4.312,-11.09,1.547
452,48.262,-5.785,-11.076,-7.434,5.169,-18.13,-3.983,-8.557,-11.71,-2.714,-10.48,-5.587
453,52.468,67.30000000000001,-13.2515,31.524,21.8855,-34.647,-6.7715,-9.2085,-18.566000000000003,15.8875,-16.5835,-9.828
454,49.977999999999994,48.533500000000004,22.159,-10.654,42.059,-15.479500000000002,1.6575000000000002,5.699,-10.277,-1.7245,-13.867,-0.361
455,49.681,29.054000000000002,-36.265,3.7874999999999996,23.15,-17.255499999999998,1.3735,-4.899,-7.3735,1.8605,-19.503,-2.4715
456,52.845,65.607,3.361,6.002,37.491,-29.882,-4.623,-4.383,-7.899,11.366,-16.764,-6.268
457,52.008,30.482,-10.012,9.078,30.655,-31.081,-14.644,-8.885,-12.262,3.309,-13.197,-2.597
458,53.689,56.639,25.4,1.014,32.56,-24.34,4.958,0.288,-8.239,0.246,-8.525,-1.814
459,46.2135,47.667500000000004,-40.62,5.4975000000000005,42.585499999999996,-8.387,8.311,0.7275,1.109,4.7005,-26.0285,-9.397
460,51.679,14.296,10.8295,8.105,22.244,-19.486,6.2435,-3.419,-15.6725,5.8695,-12.77,2.5940000000000003
461,52.17,11.1955,-0.8825000000000001,22.559,35.837,-22.549,0.742,-2.569,-8.3875,-1.848,-12.1585,-0.49150000000000005
462,50.801,51.562,9.5905,3.8045,19.955,-18.4645,-16.576999999999998,5.0205,-7.632,4.7245,-8.294,-1.4729999999999999
463,52.6255,33.203,30.1045,-7.0165,40.308499999999995,-28.3075,-2.0315000000000003,-0.17049999999999998,-11.6305,-1.33,-8.254000000000001,-1.9515
464,54.562,75.976,-11.7895,-9.0775,18.1145,-19.375999999999998,-3.5915,-0.474,-2.193,1.8,-12.133,0.024
465,54.5355,80.541,-14.027999999999999,-4.8105,19.5305,-18.2035,-3.747,1.4264999999999999,-8.131,5.952,-13.8015,0.615
466,53.372,64.161,-23.657,-1.737,35.711,-26.604,-8.836,1.465,-6.38,1.873,-11.345,-1.135
467,48.897000000000006,16.8935,-1.7189999999999999,-2.7169999999999996,34.848,-24.0315,7.94,3.6094999999999997,2.21,7.4254999999999995,-15.8125,-4.8934999999999995
468,50.168,39.409,13.913,-0.272,39.77,-25.478,4.064,0.863,-11.158,-0.869,-9.0,0.894
469,50.42,51.872,-14.907,7.336,28.031,-19.616,-6.549,1.551,0.48,8.877,-15.616,0.283
470,49.651,33.569,-5.691,-5.453,13.359,-22.101,5.524,0.695,-10.746,3.271,-15.164,-6.307
471,46.8775,-8.8245,-38.2115,-34.3535,26.336,-16.9695,-2.1544999999999996,-3.1715,0.0145,0.7275,-9.808499999999999,-2.1029999999999998
472,52.912,65.664,0.406,18.498,22.893,-26.516,-2.333,-1.758,-8.413,5.97,-16.603,-0.47
473,49.514,17.874,-19.075,-6.488,40.111,-22.6,19.774,-5.66,-14.02,-2.156,-19.752,-12.793
474,51.1,20.938,-3.467,-4.063,35.509,-24.122,19.241,1.205,-10.434,-2.111,-15.024,-1.693
475,51.731,19.393,11.771,-2.251,6.403,-14.033,15.746,6.829,-8.647,-5.009,-12.176,-6.514
476,49.5345,31.431,-3.5145,-11.854,18.3655,-19.4655,6.534,-0.16,0.094,1.207,-14.406500000000001,-1.8185
477,52.525999999999996,41.6375,5.9205000000000005,-13.771999999999998,18.6085,-25.2545,3.3545,0.793,-7.5954999999999995,1.459,-10.145,-2.0679999999999996
478,52.81,37.668,16.251,8.211,33.781,-14.177,-10.534,1.09,-14.929,0.922,-10.929,-2.876
479,50.61,46.806,-0.252,12.785499999999999,22.6795,-16.131,-7.310499999999999,-2.057,-7.4990000000000006,7.3585,-16.279,-12.6685
480,49.622,53.336,12.405,22.368,12.18,-21.261,-5.529,7.528,-6.08,2.682,-13.776,5.972
481,50.861,54.382,39.981,-3.726,8.598,-20.235,-10.774,1.135,-0.32,1.976,-7.542,-3.635
482,53.483999999999995,95.207,-14.748000000000001,-15.197500000000002,13.4725,-25.0045,6.406499999999999,4.031499999999999,3.2744999999999997,0.9815,-13.068999999999999,1.0615
483,50.435,43.625,29.251,-13.879,41.471,-25.818,-6.891,1.126,2.734,-0.892,-9.437,0.413
484,52.199,78.532,21.771,-6.411,19.716,-30.375,1.965,1.735,-8.36,0.853,-8.936,-7.498
485,44.659,-23.622,9.3335,2.9485,21.4815,-17.344,-3.319,-2.771,-3.5860000000000003,-2.6365,-2.7945,2.5469999999999997
486,51.9755,45.823,-0.45699999999999996,11.9815,29.131999999999998,-20.7045,-13.701,2.108,-15.0775,3.878,-10.038,-1.5855000000000001
487,50.397,55.075500000000005,-15.214500000000001,-6.904,22.299500000000002,-31.617,-1.392,1.529,-13.7775,5.9465,-11.104500000000002,-7.0265
488,51.477,1.344,-10.815,-15.614,24.607,-22.231,6.792,-2.533,1.664,1.251,-13.487,-6.767
489,49.0355,2.641,0.2365,-8.9275,18.928,-17.520000000000003,-13.6085,-5.9235,-15.052,-7.0245,-8.2485,-4.3765
490,51.439,52.407,18.958,-1.095,32.925,-24.154,11.057,6.622,-5.829,-0.015,-10.632,2.068
491,53.934,54.965,9.639,4.931,26.6555,-25.1075,10.9235,-1.2135,-7.4375,-0.8534999999999999,-10.086,0.9475
492,46.545,-12.588,-49.37,-21.37,47.871,-33.155,-16.882,3.634,-4.912,-0.429,-6.651,2.313
493,49.487,8.608,4.343,-17.013,14.957,-25.939,5.045,2.423,-6.394,-6.175,-8.392,0.478
494,52.882000000000005,50.3925,28.926000000000002,4.356,22.130000000000003,-25.4055,16.2315,4.2285,-9.224,-1.7115,-9.384,2.199
495,53.615,57.388,8.735,-7.556,24.752,-23.026,11.117,4.407,-9.458,-0.074,-11.736,-1.771
496,53.192,42.924,34.509,14.574,26.393,-19.613,14.627,7.763,-13.628,-7.127,-12.594,1.318
497,50.208,60.192,22.457,-2.942,32.047,-13.256,14.7,4.593,-9.047,-2.773,-14.36,-9.691
498,51.591,51.215,15.907,-9.561,1.476,-23.438,8.367,1.915,-10.028,-0.99,-8.658,6.172
499,52.6885,74.277,10.9895,-7.5745000000000005,25.524,-21.192,1.9015,1.5115,-0.452,1.008,-14.792,-7.880000000000001
500,52.991,67.3285,21.0945,3.9655,13.3025,-16.352,15.813500000000001,5.1259999999999994,-6.16,2.7474999999999996,-11.687000000000001,2.1125
501,52.151,42.774,13.482,-5.792,32.311,-31.374,12.97,4.067,-8.212,0.495,-11.547,-11.071
502,46.616,30.391,-48.584,6.017,38.222,-22.364,-14.323,-7.445,-8.556,3.794,-13.184,3.632
503,51.477,54.1225,10.3885,-1.7574999999999998,43.101,-24.2675,7.3825,-2.1585,-16.5745,-6.429,-8.467500000000001,-9.5145
504,48.089,33.12,9.075,7.33,36.186,-13.978,29.03,11.83,-18.596,7.831,-18.204,-13.72
505,45.059,9.792,-33.972,-22.261499999999998,35.8455,-18.387999999999998,19.477,-2.2640000000000002,-4.43,4.872,-25.887,-12.249500000000001
506,46.798,-3.569,-46.208,-8.308,28.592,-8.678,20.975,-12.227,-1.182,-5.726,-24.971,-14.477
507,48.147999999999996,36.664,-39.2455,1.038,67.8145,-8.225999999999999,-23.008000000000003,-5.1645,-1.4895,2.643,-20.143,1.0175
508,50.766,50.433,-1.397,0.28200000000000003,68.3215,-11.6935,11.996,-0.575,1.7835,3.61,-26.39,1.3345
509,49.3185,12.649000000000001,1.8275000000000001,-16.965,23.109,-25.111,8.865,3.162,-1.881,-4.295999999999999,-8.9905,-0.47950000000000004
510,51.506,25.873,-6.601,-14.969,8.534,-29.799,0.425,-1.078,-0.37,-0.147,-8.483,-7.652
511,51.696,39.214,8.718,-5.629,17.543,-18.273,1.788,4.699,-12.455,3.372,-10.733,-3.559
512,54.295500000000004,50.168000000000006,24.9115,-0.3815,4.411,-27.247500000000002,18.136000000000003,5.314,-8.8545,-0.147,-8.940999999999999,-3.8435
513,47.4045,28.654,-4.4775,-15.3875,17.494500000000002,-14.605,-11.6625,-6.789,-10.697,-3.3099999999999996,-13.507000000000001,-1.826
514,48.3915,11.211500000000001,-2.5949999999999998,-18.458,19.402,-21.356,-12.6175,-2.5905,-9.811,-1.941,-8.109,-3.8979999999999997
515,50.725,48.503,17.028,16.313,45.056,-25.844,1.175,2.225,-21.729,2.569,-11.08,1.191
516,53.723,81.446,12.494,13.787,30.725,-19.103,2.759,1.721,-2.353,8.43,-16.231,5.712
517,54.2805,76.094,17.9615,-1.962,9.5645,-26.9355,1.344,-3.6905,-17.252000000000002,-2.9575,-9.6965,-9.349
518,52.163,78.111,37.253,3.842,24.099,-25.793,12.808,3.89,1.415,6.509,-9.874,-4.723
519,52.724,34.735,2.542,-11.113,20.35,-28.271,-2.625,1.744,-7.213,6.445,-10.007,-3.285
520,49.933,31.06,2.319,-9.843,56.133,-26.103,-3.161,2.23,-3.732,1.698,-12.685,-7.451
521,51.334,28.271,-5.17,-12.963,26.465,-16.643,0.993,-2.59,-6.418,-3.239,-12.378,3.203
522,52.3335,49.7525,6.18,13.224499999999999,20.545,-23.927999999999997,-2.1755,0.9135,-7.2620000000000005,6.8505,-6.239000000000001,-0.29200000000000004
523,52.432500000000005,35.421499999999995,-11.99,27.387,27.3365,-25.606,-8.403500000000001,-0.0335,-1.17,6.045999999999999,-22.421,-2.7335000000000003
524,48.878,18.66,-26.57,16.587,29.08,-28.977,-3.528,-13.496,-11.717,3.508,-17.304,0.141
525,51.624,62.712,-11.96,40.18,22.527,-17.983,-10.974,-8.334,-3.046,2.179,-18.981,-4.578
526,43.302,5.912,-54.17,-25.759,29.511,-16.761,-17.153,-6.169,-5.921,-5.171,-15.344,-11.498
527,46.237,32.277,-24.459,-24.728,23.908,-19.3,-2.929,1.041,-7.571,1.354,-15.506,-7.636
528,43.417,39.907,26.966,6.796,29.326,-18.441,-2.097,-9.942,-21.912,-2.647,-12.488,-8.971
529,50.3955,65.48400000000001,-0.138,-11.408000000000001,15.8005,-19.405,-18.957500000000003,1.1360000000000001,-13.971499999999999,-3.6965,-8.5225,-2.575
530,53.25,69.84899999999999,-5.8685,-12.6525,41.3605,-32.981,12.0735,2.481,2.4755,4.038,-8.964,-0.1365
531,46.551,7.534,10.617,-20.5515,30.154,-30.1355,5.144,3.695,-10.057500000000001,-2.718,-7.271,3.355
532,48.202,-16.5475,-22.2135,-15.693000000000001,41.5895,-20.435499999999998,4.327,-2.7145,-4.285,-2.661,-16.641,5.354
533,48.5065,26.954,9.9925,-1.968,14.347000000000001,-20.8395,7.0335,3.903,-13.133,-0.7765,-12.7905,-8.2065
534,52.0435,36.0525,7.5825,-4.303,16.0315,-11.2345,7.9575,15.941500000000001,-0.423,1.6099999999999999,-15.3125,2.7445
535,52.7175,62.836,15.3565,-1.824,6.535500000000001,-23.481,20.061999999999998,6.186,-6.8335,4.9415,-11.5425,-2.0115
536,47.466,27.268,17.302,-14.03,14.311,-9.986,-8.664,2.953,-9.823,-4.638,-9.931,-5.945
537,51.754000000000005,65.59700000000001,10.261,2.7115,23.144,-23.677,1.2120000000000002,4.784000000000001,0.40049999999999997,3.9595,-15.025,-1.0619999999999998
538,50.227,21.483,10.305,-16.342,26.453,-31.104,16.817,5.794,-2.989,-2.923,-6.674,-2.673
539,49.7855,76.30250000000001,26.326999999999998,-3.4855,5.4365000000000006,-27.769,3.2475,5.659,-1.1795,2.5300000000000002,-4.4675,11.026499999999999
540,49.653,73.012,34.25,-4.972,2.535,-27.049,-0.531,6.75,-4.312,2.197,-4.775,6.082
541,52.958,60.829,2.2365,-7.244,21.7055,-23.908,-2.0860000000000003,2.9195,-2.393,0.9275,-10.9575,5.644
542,50.7475,68.354,26.317,-4.154,17.738,-21.117,-4.095,6.372,-11.1915,0.497,-3.432,7.4815000000000005
543,52.14,41.2,-13.726,-14.575,21.751,-29.225,9.908,2.929,-2.917,0.672,-13.007,4.998
544,49.944,47.108,-11.116,2.759,21.212,-19.055,-17.671,4.532,-3.594,1.486,-16.15,-0.464
545,54.019,46.015,32.434,-5.796,5.719,-30.354,5.687,0.344,-7.006,0.493,-6.117,-2.902
546,46.0185,41.682,20.9145,1.783,16.124499999999998,-25.1015,-4.8469999999999995,-4.9565,3.459,4.2745,-9.466,-7.167
547,48.905,67.308,6.468,11.695,38.221,-17.582,-6.961,2.633,-5.281,-2.639,-15.307,0.285
548,51.900000000000006,92.4125,5.9,5.4315,53.5525,-10.82,18.487,2.9204999999999997,-17.158,6.287000000000001,-19.573999999999998,-11.046
